{"cameraMode":{"drawMode":0,"name":"Shaded","section":"Shading Mode"},"sceneLighting":false,"audioPlay":false,"sceneViewState":{"showFog":true,"showMaterialUpdate":false,"showSkybox":false,"showFlares":true,"showImageEffects":true,"showParticleSystems":true},"in2DMode":false,"pivot":{"x":250.0149383544922,"y":365.46722412109377,"z":-49.71624755859375},"rotation":{"x":0.02579573541879654,"y":0.03597550466656685,"z":-0.0008755653398111463,"w":0.9991762042045593},"size":482.9414978027344,"orthographic":false}